2025-06-05,EARN,PBIO,Earnings in 2025-06-05 (est EPS None),
2025-06-05,EARN,MRIN,Earnings in 2025-06-05 (est EPS None),
2025-06-05,EARN,RENT,Earnings in 2025-06-05 (est EPS -8.517),
2025-06-05,EARN,TTAN,Earnings in 2025-06-05 (est EPS 0.1256),
2025-06-05,EARN,SBSAA,Earnings in 2025-06-05 (est EPS None),
2025-06-05,EARN,BRZE,Earnings in 2025-06-05 (est EPS 0.0465),
2025-06-05,EARN,IDT,Earnings in 2025-06-05 (est EPS None),
2025-06-05,EARN,GSTX,Earnings in 2025-06-05 (est EPS None),
2025-06-05,EARN,MOMO,Earnings in 2025-06-05 (est EPS 1.5198),
2025-06-05,EARN,SHWZ,Earnings in 2025-06-05 (est EPS None),
2025-06-05,EARN,DLTH,Earnings in 2025-06-05 (est EPS -0.408),
2025-06-05,EARN,MTN,Earnings in 2025-06-05 (est EPS 10.0719),
2025-06-05,EARN,XELB,Earnings in 2025-06-05 (est EPS -1.1424),
2025-06-05,EARN,EDRY,Earnings in 2025-06-05 (est EPS -0.952),
2025-06-05,EARN,LE,Earnings in 2025-06-05 (est EPS -0.1906),
2025-06-05,EARN,VRVR,Earnings in 2025-06-05 (est EPS None),
2025-06-05,EARN,VIRC,Earnings in 2025-06-05 (est EPS -0.1326),
2025-06-05,EARN,CIEN,Earnings in 2025-06-05 (est EPS 0.5298),
2025-06-05,EARN,TTC,Earnings in 2025-06-05 (est EPS 1.412),
2025-06-05,EARN,WDH,Earnings in 2025-06-05 (est EPS 0.0391),
2025-06-05,EARN,AVGO,Earnings in 2025-06-05 (est EPS 1.5948),
2025-06-05,EARN,KLDI,Earnings in 2025-06-05 (est EPS None),
2025-06-05,EARN,AVO,Earnings in 2025-06-05 (est EPS 0.0556),
2025-06-05,EARN,SNAX,Earnings in 2025-06-05 (est EPS None),
2025-06-05,EARN,JILL,Earnings in 2025-06-05 (est EPS 0.8772),
2025-06-05,EARN,GTII,Earnings in 2025-06-05 (est EPS None),
2025-06-05,EARN,NX,Earnings in 2025-06-05 (est EPS 0.4867),
2025-06-05,EARN,BBCP,Earnings in 2025-06-05 (est EPS 0.0452),
2025-06-05,EARN,SENR,Earnings in 2025-06-05 (est EPS None),
2025-06-05,EARN,VSCO,Earnings in 2025-06-05 (est EPS 0.0442),
2025-06-05,EARN,GOEVQ,Earnings in 2025-06-05 (est EPS -0.412),
2025-06-05,EARN,TLCC,Earnings in 2025-06-05 (est EPS None),
2025-06-05,EARN,DMTKQ,Earnings in 2025-06-05 (est EPS -0.4069),
2025-06-05,EARN,ALOT,Earnings in 2025-06-05 (est EPS None),
2025-06-05,EARN,PBLA,Earnings in 2025-06-05 (est EPS None),
2025-06-05,EARN,SNRG,Earnings in 2025-06-05 (est EPS None),
2025-06-05,EARN,ENSV,Earnings in 2025-06-05 (est EPS None),
2025-06-05,EARN,FUFU,Earnings in 2025-06-05 (est EPS 0.0357),
2025-06-05,EARN,CNGO,Earnings in 2025-06-05 (est EPS None),
2025-06-05,EARN,RBRK,Earnings in 2025-06-05 (est EPS -0.3252),
2025-06-05,EARN,MNTN,Earnings in 2025-06-05 (est EPS None),
2025-06-05,EARN,AKTSQ,Earnings in 2025-06-05 (est EPS -0.0858),
2025-06-05,EARN,VSEE,Earnings in 2025-06-05 (est EPS -0.1224),
2025-06-05,EARN,PIKM,Earnings in 2025-06-05 (est EPS None),
2025-06-05,EARN,IONM,Earnings in 2025-06-05 (est EPS None),
2025-06-05,EARN,RSCF,Earnings in 2025-06-05 (est EPS None),
2025-06-05,EARN,RLBD,Earnings in 2025-06-05 (est EPS None),
2025-06-05,EARN,GCEH,Earnings in 2025-06-05 (est EPS None),
2025-06-05,EARN,WOOF,Earnings in 2025-06-05 (est EPS -0.0182),
2025-06-05,EARN,IOT,Earnings in 2025-06-05 (est EPS 0.0576),
2025-06-05,EARN,ODC,Earnings in 2025-06-05 (est EPS None),
2025-06-05,EARN,DOCU,Earnings in 2025-06-05 (est EPS 0.8269),
2025-06-05,EARN,CSSEQ,Earnings in 2025-06-05 (est EPS None),
2025-06-05,EARN,NIMU,Earnings in 2025-06-05 (est EPS None),
2025-06-05,EARN,BIORQ,Earnings in 2025-06-05 (est EPS None),
2025-06-05,EARN,GES,Earnings in 2025-06-05 (est EPS -0.6969),
"Wed, 04 Jun 2025 20:00:34 GMT",NEWS,,How Higher Tariffs on Steel and Aluminum Will Affect Companies - The New York Times,sent=0.00
"Wed, 04 Jun 2025 09:00:00 GMT",NEWS,,"With steel tariffs doubling today, a North Carolina manufacturer wonders how to compete - NPR",sent=0.00
"Wed, 04 Jun 2025 23:48:48 GMT",NEWS,,"Canada prepares reprisals over U.S. metals tariffs, EU reports progress in talks - Reuters",sent=0.42
"Wed, 04 Jun 2025 16:19:00 GMT",NEWS,,The Trump administration just doubled the tariffs on steel and aluminum imports. Here‚Äôs what that means - CNN,sent=0.00
"Wed, 04 Jun 2025 21:35:07 GMT",NEWS,,"US jobs at risk due to Trump's steel tariff dispute, Canadian leader says - ABC News",sent=-0.59
"Wed, 04 Jun 2025 22:23:12 GMT",NEWS,,Donald Trump doubles US steel and aluminium tariffs to 50% - BBC,sent=0.00
"Wed, 04 Jun 2025 14:26:00 GMT",NEWS,,Trump‚Äôs promised steel and aluminum tariffs go into effect - AP News,sent=0.36
"Wed, 04 Jun 2025 07:25:23 GMT",NEWS,,Trump's 50% steel tariffs hit the world but UK spared full blow - CNBC,sent=0.00
"Wed, 04 Jun 2025 05:18:13 GMT",NEWS,,"Trump's 50% tariffs on steel, aluminum take effect ‚Äî raising ire of Canada, Mexico and the EU - Axios",sent=0.00
"Wed, 04 Jun 2025 05:14:00 GMT",NEWS,,Trump ratchets up steel tariffs to 50% - NBC News,sent=0.00
"Thu, 05 Jun 2025 10:51:42 GMT",NEWS,,Trump's 50% steel and aluminum tariffs take effect today. Here's what could get more expensive. - CBS News,sent=0.00
"Thu, 05 Jun 2025 12:26:23 GMT",NEWS,,Trump‚Äôs New Aluminum and Steel Tariffs Explained in Six Charts - Council on Foreign Relations,sent=0.00
"Sat, 31 May 2025 01:40:00 GMT",NEWS,,Trump tells US steelworkers he‚Äôs going to double tariffs on foreign steel to 50% - AP News,sent=0.00
"Wed, 04 Jun 2025 04:02:44 GMT",NEWS,,Trump‚Äôs 50% Tariffs on Steel and Aluminum Imports Go Into Effect - The New York Times,sent=0.00
"Wed, 04 Jun 2025 21:29:26 GMT",NEWS,,How the Steel and Aluminum Tariff Hike Will Hit Consumers - Time Magazine,sent=0.00
"Thu, 05 Jun 2025 11:38:38 GMT",NEWS,,Trump tariffs live updates: US auto suppliers urge action on China rare earths curbs amid tariff strain - Yahoo Finance,sent=-0.05
"Wed, 04 Jun 2025 14:00:00 GMT",NEWS,,Trump‚Äôs 50% tariffs on foreign steel and aluminum come into effect - The Guardian,sent=0.00
"Thu, 05 Jun 2025 11:07:33 GMT",NEWS,,Trump Doubles Tariffs on Steel and Aluminum - Successful Farming,sent=0.59
"Wed, 04 Jun 2025 04:01:00 GMT",NEWS,,"Trump Signs Order Doubling US Steel, Aluminum Tariffs to 50% - Bloomberg",sent=0.00
"Tue, 03 Jun 2025 20:56:46 GMT",NEWS,,ADJUSTING IMPORTS OF ALUMINUM AND STEEL INTO THE UNITED STATES - The White House (.gov),sent=0.55
"Sun, 01 Jun 2025 17:26:15 GMT",NEWS,,"Trump Explains Reason For Doubling Steel, Aluminum Tariffs - Time Magazine",sent=0.00
"Wed, 04 Jun 2025 12:09:00 GMT",NEWS,,"Trump steel, aluminum tariffs taking effect - The Hill",sent=0.00
"Wed, 04 Jun 2025 16:58:00 GMT",NEWS,,Here‚Äôs where all of Trump‚Äôs tariffs stand as his 50% tax on steel and aluminum imports goes into effect - MarketWatch,sent=0.00
"Thu, 05 Jun 2025 03:27:45 GMT",NEWS,,"Businesses brace for steel and aluminum tariffs, which double today - The Washington Post",sent=0.00
"Tue, 03 Jun 2025 20:43:00 GMT",NEWS,,"Trump signs order for 50% tariff on steel, aluminum ‚Äî why economists are dismayed - MarketWatch",sent=-0.44
"Mon, 02 Jun 2025 16:47:16 GMT",NEWS,,Trump's hike of steel and aluminum tariffs could raise these prices - ABC News,sent=0.00
"Tue, 03 Jun 2025 15:57:23 GMT",NEWS,,Steel and Aluminum Tariffs Are Set to Double On Wednesday. Here's Why That Matters - Investopedia,sent=0.03
"Wed, 04 Jun 2025 07:51:00 GMT",NEWS,,"Trump‚Äôs 50% tariffs on imported steel, aluminum take effect - Fox Business",sent=0.00
"Wed, 04 Jun 2025 07:08:00 GMT",NEWS,,U.S. doubles tariffs on steel and aluminum to 50% - CBS News,sent=0.00
"Sat, 31 May 2025 17:52:55 GMT",NEWS,,"Trump says he plans to double steel, aluminum tariffs to 50% - Reuters",sent=0.00
"Thu, 05 Jun 2025 16:45:45 GMT",NEWS,,Trump doubles steel tariffs; what does it mean for ports in Delaware and Philadelphia? - The News Journal,sent=0.00
"Mon, 02 Jun 2025 23:02:06 GMT",NEWS,,"S&P closes higher on trade hopes, Nvidia lifts Nasdaq - Reuters",sent=0.42
"Wed, 04 Jun 2025 14:56:00 GMT",NEWS,,Spike in steel tariffs could imperil Trump promise of lower grocery prices - AP News,sent=0.03
"Sat, 31 May 2025 23:15:59 GMT",NEWS,,"Trump announces 50% tariffs on steel, aluminum imports - NBC News",sent=0.00
"Tue, 03 Jun 2025 19:17:33 GMT",NEWS,,"Trump tariffs live updates: Trump pushes for trade deals with steel, aluminum duties set to double - Yahoo Finance",sent=0.00
"Wed, 04 Jun 2025 16:14:59 GMT",NEWS,,"U.K. Exempt From Trump‚Äôs 50% Steel Tariff, but Europe Still Has to Pay - The New York Times",sent=-0.10
"Mon, 02 Jun 2025 13:25:00 GMT",NEWS,,"Nucor Leads S&P 500 On Trump's 50% Steel, Aluminum Tariffs - Investor's Business Daily",sent=0.00
"Mon, 02 Jun 2025 19:27:40 GMT",NEWS,,"Packaging manufacturers worried by 50% tariffs on steel, aluminum - Packaging Dive",sent=-0.30
"Mon, 02 Jun 2025 09:02:23 GMT",NEWS,,"As Courts Call Tariffs Into Question, Trump Again Turns to His Favorite Tool - The New York Times",sent=0.46
"Sat, 31 May 2025 02:44:36 GMT",NEWS,,Trump: US to double steel import tariffs to 50% - BBC,sent=0.00
"Wed, 04 Jun 2025 05:50:00 GMT",NEWS,,"Trump tariffs live updates: Trump hikes steel and aluminum tariffs to 50%, spares UK - Yahoo Finance",sent=0.00
"Wed, 04 Jun 2025 22:30:00 GMT",NEWS,,Timeline of Trump's steel and aluminum tariffs - CBS News,sent=0.00
"Thu, 05 Jun 2025 16:25:19 GMT",NEWS,,"How Trump‚Äôs new 50% tariffs on steel, other metals could hike your grocery bill - Straight Arrow News",sent=0.23
"Tue, 03 Jun 2025 21:01:00 GMT",NEWS,,"Tariff Updates: Trump Signs Order Doubling Steel, Aluminum Levies - Barron's",sent=0.00
"Mon, 02 Jun 2025 15:00:24 GMT",NEWS,,U.S. steelmaker shares jump after Trump hikes industry tariffs to 50% - CBS News,sent=0.30
"Wed, 04 Jun 2025 11:09:26 GMT",NEWS,,US updates: Trump's 50% steel tariffs come into force - DW,sent=0.00
"Fri, 30 May 2025 22:38:06 GMT",NEWS,,Trump Pledges to Double Tariffs on Foreign Steel and Aluminum to 50% - The New York Times,sent=0.00
"Mon, 02 Jun 2025 20:27:18 GMT",NEWS,,US Aluminum and Steel Prices Surge as Trump Doubles Tariffs - Bloomberg,sent=0.00
"Wed, 04 Jun 2025 23:27:44 GMT",NEWS,,Trump tariffs likely to hit aluminum cans used for San Diego's craft beer - NBC 7 San Diego,sent=0.00
"Mon, 02 Jun 2025 17:10:51 GMT",NEWS,,Explainer: The reality of Trump's steel and aluminium tariffs - Reuters,sent=0.00
"Thu, 05 Jun 2025 03:07:00 GMT",NEWS,,Why Trump Has Doubled Down on Steel and Aluminum Tariffs - Bloomberg,sent=0.00
"Thu, 05 Jun 2025 10:52:18 GMT",NEWS,,"Steel, aluminum tariffs up: When will costs reach you? - WRAL.com",sent=0.03
"Thu, 05 Jun 2025 16:41:00 GMT",NEWS,,Trump admin live updates: Trump 'very disappointed' with Elon Musk amid spending bill criticism - ABC News,sent=-0.74
"Wed, 04 Jun 2025 18:45:35 GMT",NEWS,,Trump tariffs live updates: Trump says China's Xi is 'extremely hard to make a deal with' - Yahoo Finance,sent=-0.18
"Wed, 04 Jun 2025 04:09:27 GMT",NEWS,,Trump‚Äôs doubling of steel and aluminium tariffs comes into effect - France 24,sent=0.00
"Wed, 04 Jun 2025 19:15:55 GMT",NEWS,,50% tariffs on steel and aluminum imports are in effect. Here‚Äôs what that could mean - CNN,sent=0.00
"Wed, 04 Jun 2025 13:24:08 GMT",NEWS,,"Steel Tariffs Double: What Trump‚Äôs 50% Hike Means for Soda, Housing Prices - Kiplinger",sent=0.00
"Sun, 01 Jun 2025 21:09:06 GMT",NEWS,,Trump tariffs live updates: Trump says he is doubling tariffs on steel imports to 50% - Yahoo,sent=0.00
"Tue, 03 Jun 2025 19:18:41 GMT",NEWS,,"Trump Signs Order Hiking Steel, Aluminum Tariffs to 50% - Transport Topics",sent=0.00
"Sat, 31 May 2025 15:36:00 GMT",NEWS,,Trump doubles steel tariffs to 50% in ‚Äòmajor announcement‚Äô - CNN,sent=0.00
"Wed, 04 Jun 2025 01:58:15 GMT",NEWS,,Trump's new salvo about to upend world trade; 50% tariff on steel & aluminum to kick in on June 4 - The Economic Times,sent=0.00
"Mon, 02 Jun 2025 08:43:20 GMT",NEWS,,Trump tariffs live updates: China responds to Trump accusing the US of violating the trade truce - Yahoo Finance,sent=-0.64
"Tue, 03 Jun 2025 09:18:01 GMT",NEWS,,Trump tariffs live updates: Trump pushes for trade deals as economy takes a hit - Yahoo Finance,sent=0.00
"Thu, 05 Jun 2025 08:01:19 GMT",NEWS,,China Reacts to Trump's Steel Tariffs Hike - Newsweek,sent=0.00
"Sat, 31 May 2025 12:11:30 GMT",NEWS,,Donald Trump says he will double steel and aluminium tariffs to 50% - Financial Times,sent=0.00
"Mon, 02 Jun 2025 15:41:50 GMT",NEWS,,"Trump tariffs live updates: China hits back as tensions simmer; EU 'strongly' regrets steel, aluminum hikes - Yahoo Finance",sent=-0.48
"Fri, 30 May 2025 23:14:00 GMT",NEWS,,Trump announces 50% steel tariffs and hails ‚Äòblockbuster‚Äô deal with Japan - The Guardian,sent=0.00
"Wed, 04 Jun 2025 21:14:28 GMT",NEWS,,Trump Doubles Steel and Aluminum Tariffs to 50 Percent - Foreign Policy,sent=0.00
"Tue, 03 Jun 2025 13:30:36 GMT",NEWS,,Trump tariffs live updates: Trump pushes for trade deals as global economy takes a hit - Yahoo,sent=0.00
"Tue, 03 Jun 2025 21:26:29 GMT",NEWS,,"Trump tariffs live updates: Trump hikes steel and aluminum tariffs to 50%, spares UK - Yahoo Finance",sent=0.00
"Wed, 04 Jun 2025 13:17:09 GMT",NEWS,,"Trump doubles steel, aluminum tariffs: What that means for you - LiveNOW from FOX",sent=0.00
"Wed, 04 Jun 2025 11:45:31 GMT",NEWS,,Trump‚Äôs promise to double steel and aluminum tariffs starts today. Here‚Äôs what we know - Los Angeles Times,sent=0.32
"Thu, 05 Jun 2025 12:54:11 GMT",NEWS,,Pressure mounts on Carney to match Trump's tariffs on steel and aluminum - constructconnect.com,sent=-0.30
"Thu, 05 Jun 2025 15:19:25 GMT",NEWS,,EU Launches Tool to Monitor Trade Diversion From Trump Tariffs - Bloomberg,sent=0.00
"Thu, 05 Jun 2025 03:42:00 GMT",NEWS,,Donald Trump raises steel and aluminum tariffs to 50%: Will higher levies affect US industry? What's next - Times of India,sent=0.00
"Tue, 03 Jun 2025 21:26:29 GMT",NEWS,,"Trump tariffs live updates: Trump hikes steel and aluminum tariffs to 50%, spares UK - Yahoo",sent=0.00
"Thu, 05 Jun 2025 01:27:00 GMT",NEWS,,'Not a good approach': Maryland steel plant CEO says Trump's tariffs will cause prices to rise - WBAL-TV,sent=-0.34
"Tue, 03 Jun 2025 22:12:52 GMT",NEWS,,"Local businesses prepare as Trump's 50% steel, aluminum tariffs hit Wednesday - NBC 5 Dallas-Fort Worth",sent=0.23
"Wed, 04 Jun 2025 11:00:42 GMT",NEWS,,Trump‚Äôs Higher Steel Tariffs Sour Mood at Deal-Making Table - Bloomberg,sent=0.00
"Wed, 04 Jun 2025 05:41:04 GMT",NEWS,,Trump‚Äôs Tariffs On Steel And Aluminum Double To 50% - Forbes,sent=0.00
"Sat, 31 May 2025 00:04:06 GMT",NEWS,,"Trump to increase steel, aluminum tariffs to 50% - Manufacturing Dive",sent=0.32
"Wed, 04 Jun 2025 21:15:00 GMT",NEWS,,Former Obama trade adviser explains what steel and aluminum tariffs could mean for consumers - CBS News,sent=0.00
"Wed, 04 Jun 2025 10:56:11 GMT",NEWS,,"Steel tariffs double. And, Congress asked to eliminate public broadcasting funds - NPR",sent=0.00
"Sat, 31 May 2025 00:13:35 GMT",NEWS,,"Trump to increase steel, aluminum tariffs to 50% - Supply Chain Dive",sent=0.32
"Wed, 04 Jun 2025 23:00:00 GMT",NEWS,,Trump Administration Doubles Tariffs on Steel and Aluminum to 50 Percent - NBC Palm Springs,sent=0.00
"Tue, 03 Jun 2025 21:19:01 GMT",NEWS,,Trump signs executive order raising tariffs on steel and aluminum imports to 50% - ABC11,sent=0.00
"Tue, 03 Jun 2025 23:08:11 GMT",NEWS,,Trump's ambitious push for trade deals is hitting some snags - NBC News,sent=0.48
"Mon, 02 Jun 2025 13:13:11 GMT",NEWS,,Steel and Aluminum Prices Jump on Trump Tariff Move - Transport Topics,sent=0.00
"Wed, 04 Jun 2025 15:16:46 GMT",NEWS,,"Doubled tariffs raise concerns Canadian steel could be shut out of U.S., but some companies say they'll adjust - CBC",sent=0.00
"Sat, 31 May 2025 15:46:00 GMT",NEWS,,EU prepared to counter new Trump tariffs - politico.eu,sent=0.23
"Thu, 05 Jun 2025 00:16:20 GMT",NEWS,,"Popular baby products company Munchkin hard-hit by tariff hike on steel, aluminum - CBS News",sent=0.42
"Sat, 31 May 2025 03:14:00 GMT",NEWS,,Trump Says Steel and Aluminum Tariffs Will Double to 50% - WSJ,sent=0.00
"Tue, 03 Jun 2025 23:15:36 GMT",NEWS,,Donald Trump pushes forward on tariffs despite court challenges: What to know - USA Today,sent=-0.06
"Sat, 31 May 2025 01:46:00 GMT",NEWS,,"Trump to Hike Steel, Aluminum Tariffs to Aid Nippon-US Steel - Bloomberg",sent=0.00
"Thu, 05 Jun 2025 16:13:48 GMT",NEWS,,Mexico Says Trump‚Äôs New Tariff ‚ÄúHas No Legal Basis‚Äù - Havana Times,sent=-0.10
"Sun, 01 Jun 2025 14:55:18 GMT",NEWS,,Quebec premier calls new Trump tariff threats on steel and aluminum 'completely unjustified' - CBC,sent=-0.42
"Wed, 04 Jun 2025 21:51:50 GMT",NEWS,,Aluminum Executives Balk at Trump‚Äôs Latest 50% Tariff Move - Bloomberg,sent=0.00
"Wed, 04 Jun 2025 16:25:00 GMT",NEWS,,First Thing: Trump‚Äôs 50% tariffs on foreign steel and aluminum take effect - The Guardian,sent=0.00
"Sat, 31 May 2025 00:47:57 GMT",NEWS,,"Trump accuses China of violating trade deal, doubles steel and aluminum tariffs - Reuters",sent=-0.71
"Fri, 30 May 2025 23:44:00 GMT",NEWS,,Trump says he‚Äôll double steel and aluminum tariffs to 50% - AP News,sent=0.00
2025-06-05 17:20:28,REDDIT,,Put Option on ADR Stock?,sent=0.00|url=https://redd.it/1l44y13
2025-06-05 17:19:22,REDDIT,,Tesla shares sink 8% as Musk-Trump spat over budget bill boils over,sent=0.30|url=https://redd.it/1l44wzw
2025-06-05 17:19:03,REDDIT,,Magnificent Seven power ahead as earnings outpace rest of S&P 500 by nearly 3-to-1,sent=0.60|url=https://redd.it/1l44wps
2025-06-05 17:17:43,REDDIT,,European defence industry,sent=0.10|url=https://redd.it/1l44vgg
2025-06-05 17:05:59,REDDIT,,UNH baseline case,sent=0.00|url=https://redd.it/1l44kge
2025-06-05 17:01:24,REDDIT,,‚ÄòDestroy the Ring‚Äô: Trump‚Äôs Palantir deal alarms Hill Republicans,sent=-0.27|url=https://redd.it/1l44g6l
2025-06-05 16:52:05,REDDIT,,It‚Äôs been a good morning!,sent=0.49|url=https://redd.it/1l447r2
2025-06-05 16:30:18,REDDIT,,Any silver bugs here? GDXJ calls. 10K yolo,sent=0.27|url=https://redd.it/1l43o1c
2025-06-05 16:28:00,REDDIT,,$PLTR PUTS.. Quick 70% Profit,sent=0.44|url=https://redd.it/1l43m0k
2025-06-05 16:23:05,REDDIT,,"Betting on direction, not probability TSLA nearly tripled in two days.",sent=0.00|url=https://redd.it/1l43hnw
2025-06-05 16:21:22,REDDIT,,Lucky or smart?,sent=0.67|url=https://redd.it/1l43g29
2025-06-05 16:13:49,REDDIT,,"Screw TSLA, should have gone with NVDA in the first place",sent=-0.10|url=https://redd.it/1l439an
2025-06-05 16:12:25,REDDIT,,"Donated to MSTR again, please call me a philanthropist üò≠ true autist",sent=0.25|url=https://redd.it/1l43827
2025-06-05 16:00:12,REDDIT,,Gigacloud Technology Gigachad Yolo,sent=0.27|url=https://redd.it/1l42wiv
2025-06-05 15:59:32,REDDIT,,U.S. ETF Monthly Summary: May 2025,sent=0.00|url=https://redd.it/1l42vtr
2025-06-05 15:47:47,REDDIT,,Trump and German Chancellor Merz meeting now,sent=0.00|url=https://redd.it/1l42l19
2025-06-05 15:45:00,REDDIT,,Made 100% on $25K RBLX bet in a week,sent=0.00|url=https://redd.it/1l42iie
2025-06-05 15:35:30,REDDIT,,Made it out the gulag twice,sent=0.00|url=https://redd.it/1l429wf
2025-06-05 15:13:17,REDDIT,,"Cannabis stocks could go up if Lawmakers draft a bill to force the DEA to make cannabis Schedule-3. [MSOS, MSOX, GDRX, CVS, COST]",sent=0.00|url=https://redd.it/1l41pow
2025-06-05 15:06:36,REDDIT,,"You favorite neo cloud company, NBIS PT 100$",sent=0.46|url=https://redd.it/1l41jhq
2025-06-05,EARN,PBIO,Earnings in 2025-06-05 (est EPS None),
2025-06-05,EARN,MRIN,Earnings in 2025-06-05 (est EPS None),
2025-06-05,EARN,RENT,Earnings in 2025-06-05 (est EPS -8.517),
2025-06-05,EARN,TTAN,Earnings in 2025-06-05 (est EPS 0.1256),
2025-06-05,EARN,SBSAA,Earnings in 2025-06-05 (est EPS None),
2025-06-05,EARN,BRZE,Earnings in 2025-06-05 (est EPS 0.0465),
2025-06-05,EARN,IDT,Earnings in 2025-06-05 (est EPS None),
2025-06-05,EARN,GSTX,Earnings in 2025-06-05 (est EPS None),
2025-06-05,EARN,MOMO,Earnings in 2025-06-05 (est EPS 1.5198),
2025-06-05,EARN,SHWZ,Earnings in 2025-06-05 (est EPS None),
2025-06-05,EARN,DLTH,Earnings in 2025-06-05 (est EPS -0.408),
2025-06-05,EARN,MTN,Earnings in 2025-06-05 (est EPS 10.0719),
2025-06-05,EARN,XELB,Earnings in 2025-06-05 (est EPS -1.1424),
2025-06-05,EARN,EDRY,Earnings in 2025-06-05 (est EPS -0.952),
2025-06-05,EARN,LE,Earnings in 2025-06-05 (est EPS -0.1906),
2025-06-05,EARN,VRVR,Earnings in 2025-06-05 (est EPS None),
2025-06-05,EARN,VIRC,Earnings in 2025-06-05 (est EPS -0.1326),
2025-06-05,EARN,CIEN,Earnings in 2025-06-05 (est EPS 0.5298),
2025-06-05,EARN,TTC,Earnings in 2025-06-05 (est EPS 1.412),
2025-06-05,EARN,WDH,Earnings in 2025-06-05 (est EPS 0.0391),
2025-06-05,EARN,AVGO,Earnings in 2025-06-05 (est EPS 1.5948),
2025-06-05,EARN,KLDI,Earnings in 2025-06-05 (est EPS None),
2025-06-05,EARN,AVO,Earnings in 2025-06-05 (est EPS 0.0556),
2025-06-05,EARN,SNAX,Earnings in 2025-06-05 (est EPS None),
2025-06-05,EARN,JILL,Earnings in 2025-06-05 (est EPS 0.8772),
2025-06-05,EARN,GTII,Earnings in 2025-06-05 (est EPS None),
2025-06-05,EARN,NX,Earnings in 2025-06-05 (est EPS 0.4867),
2025-06-05,EARN,BBCP,Earnings in 2025-06-05 (est EPS 0.0452),
2025-06-05,EARN,SENR,Earnings in 2025-06-05 (est EPS None),
2025-06-05,EARN,VSCO,Earnings in 2025-06-05 (est EPS 0.0442),
2025-06-05,EARN,GOEVQ,Earnings in 2025-06-05 (est EPS -0.412),
2025-06-05,EARN,TLCC,Earnings in 2025-06-05 (est EPS None),
2025-06-05,EARN,DMTKQ,Earnings in 2025-06-05 (est EPS -0.4069),
2025-06-05,EARN,ALOT,Earnings in 2025-06-05 (est EPS None),
2025-06-05,EARN,PBLA,Earnings in 2025-06-05 (est EPS None),
2025-06-05,EARN,SNRG,Earnings in 2025-06-05 (est EPS None),
2025-06-05,EARN,ENSV,Earnings in 2025-06-05 (est EPS None),
2025-06-05,EARN,FUFU,Earnings in 2025-06-05 (est EPS 0.0357),
2025-06-05,EARN,CNGO,Earnings in 2025-06-05 (est EPS None),
2025-06-05,EARN,RBRK,Earnings in 2025-06-05 (est EPS -0.3252),
2025-06-05,EARN,MNTN,Earnings in 2025-06-05 (est EPS None),
2025-06-05,EARN,AKTSQ,Earnings in 2025-06-05 (est EPS -0.0858),
2025-06-05,EARN,VSEE,Earnings in 2025-06-05 (est EPS -0.1224),
2025-06-05,EARN,PIKM,Earnings in 2025-06-05 (est EPS None),
2025-06-05,EARN,IONM,Earnings in 2025-06-05 (est EPS None),
2025-06-05,EARN,RSCF,Earnings in 2025-06-05 (est EPS None),
2025-06-05,EARN,RLBD,Earnings in 2025-06-05 (est EPS None),
2025-06-05,EARN,GCEH,Earnings in 2025-06-05 (est EPS None),
2025-06-05,EARN,WOOF,Earnings in 2025-06-05 (est EPS -0.0182),
2025-06-05,EARN,IOT,Earnings in 2025-06-05 (est EPS 0.0576),
2025-06-05,EARN,ODC,Earnings in 2025-06-05 (est EPS None),
2025-06-05,EARN,DOCU,Earnings in 2025-06-05 (est EPS 0.8269),
2025-06-05,EARN,CSSEQ,Earnings in 2025-06-05 (est EPS None),
2025-06-05,EARN,NIMU,Earnings in 2025-06-05 (est EPS None),
2025-06-05,EARN,BIORQ,Earnings in 2025-06-05 (est EPS None),
2025-06-05,EARN,GES,Earnings in 2025-06-05 (est EPS -0.6969),
"Wed, 04 Jun 2025 20:00:34 GMT",NEWS,,How Higher Tariffs on Steel and Aluminum Will Affect Companies - The New York Times,sent=0.00
"Wed, 04 Jun 2025 09:00:00 GMT",NEWS,,"With steel tariffs doubling today, a North Carolina manufacturer wonders how to compete - NPR",sent=0.00
"Wed, 04 Jun 2025 23:48:48 GMT",NEWS,,"Canada prepares reprisals over U.S. metals tariffs, EU reports progress in talks - Reuters",sent=0.42
"Wed, 04 Jun 2025 16:19:00 GMT",NEWS,,The Trump administration just doubled the tariffs on steel and aluminum imports. Here‚Äôs what that means - CNN,sent=0.00
"Wed, 04 Jun 2025 21:35:07 GMT",NEWS,,"US jobs at risk due to Trump's steel tariff dispute, Canadian leader says - ABC News",sent=-0.59
"Wed, 04 Jun 2025 22:23:12 GMT",NEWS,,Donald Trump doubles US steel and aluminium tariffs to 50% - BBC,sent=0.00
"Wed, 04 Jun 2025 14:26:00 GMT",NEWS,,Trump‚Äôs promised steel and aluminum tariffs go into effect - AP News,sent=0.36
"Wed, 04 Jun 2025 07:25:23 GMT",NEWS,,Trump's 50% steel tariffs hit the world but UK spared full blow - CNBC,sent=0.00
"Wed, 04 Jun 2025 05:18:13 GMT",NEWS,,"Trump's 50% tariffs on steel, aluminum take effect ‚Äî raising ire of Canada, Mexico and the EU - Axios",sent=0.00
"Wed, 04 Jun 2025 05:14:00 GMT",NEWS,,Trump ratchets up steel tariffs to 50% - NBC News,sent=0.00
"Thu, 05 Jun 2025 10:51:42 GMT",NEWS,,Trump's 50% steel and aluminum tariffs take effect today. Here's what could get more expensive. - CBS News,sent=0.00
"Thu, 05 Jun 2025 12:26:23 GMT",NEWS,,Trump‚Äôs New Aluminum and Steel Tariffs Explained in Six Charts - Council on Foreign Relations,sent=0.00
"Wed, 04 Jun 2025 04:02:44 GMT",NEWS,,Trump‚Äôs 50% Tariffs on Steel and Aluminum Imports Go Into Effect - The New York Times,sent=0.00
"Wed, 04 Jun 2025 21:29:26 GMT",NEWS,,How the Steel and Aluminum Tariff Hike Will Hit Consumers - Time Magazine,sent=0.00
"Thu, 05 Jun 2025 11:38:38 GMT",NEWS,,Trump tariffs live updates: US auto suppliers urge action on China rare earths curbs amid tariff strain - Yahoo Finance,sent=-0.05
"Wed, 04 Jun 2025 14:00:00 GMT",NEWS,,Trump‚Äôs 50% tariffs on foreign steel and aluminum come into effect - The Guardian,sent=0.00
"Thu, 05 Jun 2025 11:07:33 GMT",NEWS,,Trump Doubles Tariffs on Steel and Aluminum - Successful Farming,sent=0.59
"Wed, 04 Jun 2025 04:01:00 GMT",NEWS,,"Trump Signs Order Doubling US Steel, Aluminum Tariffs to 50% - Bloomberg",sent=0.00
"Tue, 03 Jun 2025 20:56:46 GMT",NEWS,,ADJUSTING IMPORTS OF ALUMINUM AND STEEL INTO THE UNITED STATES - The White House (.gov),sent=0.55
"Wed, 04 Jun 2025 12:09:00 GMT",NEWS,,"Trump steel, aluminum tariffs taking effect - The Hill",sent=0.00
"Sun, 01 Jun 2025 17:26:15 GMT",NEWS,,"Trump Explains Reason For Doubling Steel, Aluminum Tariffs - Time Magazine",sent=0.00
"Wed, 04 Jun 2025 16:58:00 GMT",NEWS,,Here‚Äôs where all of Trump‚Äôs tariffs stand as his 50% tax on steel and aluminum imports goes into effect - MarketWatch,sent=0.00
"Thu, 05 Jun 2025 03:27:45 GMT",NEWS,,"Businesses brace for steel and aluminum tariffs, which double today - The Washington Post",sent=0.00
"Tue, 03 Jun 2025 20:43:00 GMT",NEWS,,"Trump signs order for 50% tariff on steel, aluminum ‚Äî why economists are dismayed - MarketWatch",sent=-0.44
"Mon, 02 Jun 2025 16:47:16 GMT",NEWS,,Trump's hike of steel and aluminum tariffs could raise these prices - ABC News,sent=0.00
"Tue, 03 Jun 2025 15:57:23 GMT",NEWS,,Steel and Aluminum Tariffs Are Set to Double On Wednesday. Here's Why That Matters - Investopedia,sent=0.03
"Wed, 04 Jun 2025 07:51:00 GMT",NEWS,,"Trump‚Äôs 50% tariffs on imported steel, aluminum take effect - Fox Business",sent=0.00
"Wed, 04 Jun 2025 07:08:00 GMT",NEWS,,U.S. doubles tariffs on steel and aluminum to 50% - CBS News,sent=0.00
"Sat, 31 May 2025 17:52:55 GMT",NEWS,,"Trump says he plans to double steel, aluminum tariffs to 50% - Reuters",sent=0.00
"Wed, 04 Jun 2025 14:56:00 GMT",NEWS,,Spike in steel tariffs could imperil Trump promise of lower grocery prices - AP News,sent=0.03
"Thu, 05 Jun 2025 16:45:45 GMT",NEWS,,Trump doubles steel tariffs; what does it mean for ports in Delaware and Philadelphia? - The News Journal,sent=0.00
"Mon, 02 Jun 2025 23:02:06 GMT",NEWS,,"S&P closes higher on trade hopes, Nvidia lifts Nasdaq - Reuters",sent=0.42
"Tue, 03 Jun 2025 19:17:33 GMT",NEWS,,"Trump tariffs live updates: Trump pushes for trade deals with steel, aluminum duties set to double - Yahoo Finance",sent=0.00
"Sat, 31 May 2025 23:15:59 GMT",NEWS,,"Trump announces 50% tariffs on steel, aluminum imports - NBC News",sent=0.00
"Wed, 04 Jun 2025 16:14:59 GMT",NEWS,,"U.K. Exempt From Trump‚Äôs 50% Steel Tariff, but Europe Still Has to Pay - The New York Times",sent=-0.10
"Mon, 02 Jun 2025 13:25:00 GMT",NEWS,,"Nucor Leads S&P 500 On Trump's 50% Steel, Aluminum Tariffs - Investor's Business Daily",sent=0.00
"Mon, 02 Jun 2025 19:27:40 GMT",NEWS,,"Packaging manufacturers worried by 50% tariffs on steel, aluminum - Packaging Dive",sent=-0.30
"Mon, 02 Jun 2025 09:02:23 GMT",NEWS,,"As Courts Call Tariffs Into Question, Trump Again Turns to His Favorite Tool - The New York Times",sent=0.46
"Sat, 31 May 2025 02:44:36 GMT",NEWS,,Trump: US to double steel import tariffs to 50% - BBC,sent=0.00
"Wed, 04 Jun 2025 05:50:00 GMT",NEWS,,"Trump tariffs live updates: Trump hikes steel and aluminum tariffs to 50%, spares UK - Yahoo Finance",sent=0.00
"Wed, 04 Jun 2025 22:30:00 GMT",NEWS,,Timeline of Trump's steel and aluminum tariffs - CBS News,sent=0.00
"Thu, 05 Jun 2025 16:25:19 GMT",NEWS,,"How Trump‚Äôs new 50% tariffs on steel, other metals could hike your grocery bill - Straight Arrow News",sent=0.23
"Tue, 03 Jun 2025 21:01:00 GMT",NEWS,,"Tariff Updates: Trump Signs Order Doubling Steel, Aluminum Levies - Barron's",sent=0.00
"Wed, 04 Jun 2025 11:09:26 GMT",NEWS,,US updates: Trump's 50% steel tariffs come into force - DW,sent=0.00
"Mon, 02 Jun 2025 15:00:24 GMT",NEWS,,U.S. steelmaker shares jump after Trump hikes industry tariffs to 50% - CBS News,sent=0.30
"Mon, 02 Jun 2025 20:27:18 GMT",NEWS,,US Aluminum and Steel Prices Surge as Trump Doubles Tariffs - Bloomberg,sent=0.00
"Fri, 30 May 2025 22:38:06 GMT",NEWS,,Trump Pledges to Double Tariffs on Foreign Steel and Aluminum to 50% - The New York Times,sent=0.00
"Wed, 04 Jun 2025 23:27:44 GMT",NEWS,,Trump tariffs likely to hit aluminum cans used for San Diego's craft beer - NBC 7 San Diego,sent=0.00
"Mon, 02 Jun 2025 17:10:51 GMT",NEWS,,Explainer: The reality of Trump's steel and aluminium tariffs - Reuters,sent=0.00
"Thu, 05 Jun 2025 16:41:00 GMT",NEWS,,Trump admin live updates: Trump 'very disappointed' with Elon Musk amid spending bill criticism - ABC News,sent=-0.74
"Thu, 05 Jun 2025 03:07:00 GMT",NEWS,,Why Trump Has Doubled Down on Steel and Aluminum Tariffs - Bloomberg,sent=0.00
"Thu, 05 Jun 2025 10:52:18 GMT",NEWS,,"Steel, aluminum tariffs up: When will costs reach you? - WRAL.com",sent=0.03
"Wed, 04 Jun 2025 04:09:27 GMT",NEWS,,Trump‚Äôs doubling of steel and aluminium tariffs comes into effect - France 24,sent=0.00
"Wed, 04 Jun 2025 18:45:35 GMT",NEWS,,Trump tariffs live updates: Trump says China's Xi is 'extremely hard to make a deal with' - Yahoo Finance,sent=-0.18
"Wed, 04 Jun 2025 13:24:08 GMT",NEWS,,"Steel Tariffs Double: What Trump‚Äôs 50% Hike Means for Soda, Housing Prices - Kiplinger",sent=0.00
"Sun, 01 Jun 2025 21:09:06 GMT",NEWS,,Trump tariffs live updates: Trump says he is doubling tariffs on steel imports to 50% - Yahoo,sent=0.00
"Tue, 03 Jun 2025 19:18:41 GMT",NEWS,,"Trump Signs Order Hiking Steel, Aluminum Tariffs to 50% - Transport Topics",sent=0.00
"Sat, 31 May 2025 01:40:00 GMT",NEWS,,Trump tells US steelworkers he‚Äôs going to double tariffs on foreign steel to 50% - AP News,sent=0.00
"Wed, 04 Jun 2025 19:15:55 GMT",NEWS,,50% tariffs on steel and aluminum imports are in effect. Here‚Äôs what that could mean - CNN,sent=0.00
"Sat, 31 May 2025 15:36:00 GMT",NEWS,,Trump doubles steel tariffs to 50% in ‚Äòmajor announcement‚Äô - CNN,sent=0.00
"Wed, 04 Jun 2025 01:58:15 GMT",NEWS,,Trump's new salvo about to upend world trade; 50% tariff on steel & aluminum to kick in on June 4 - The Economic Times,sent=0.00
"Mon, 02 Jun 2025 08:43:20 GMT",NEWS,,Trump tariffs live updates: China responds to Trump accusing the US of violating the trade truce - Yahoo Finance,sent=-0.64
"Tue, 03 Jun 2025 09:18:01 GMT",NEWS,,Trump tariffs live updates: Trump pushes for trade deals as economy takes a hit - Yahoo Finance,sent=0.00
"Thu, 05 Jun 2025 08:01:19 GMT",NEWS,,China Reacts to Trump's Steel Tariffs Hike - Newsweek,sent=0.00
"Sat, 31 May 2025 12:11:30 GMT",NEWS,,Donald Trump says he will double steel and aluminium tariffs to 50% - Financial Times,sent=0.00
"Mon, 02 Jun 2025 15:41:50 GMT",NEWS,,"Trump tariffs live updates: China hits back as tensions simmer; EU 'strongly' regrets steel, aluminum hikes - Yahoo Finance",sent=-0.48
"Fri, 30 May 2025 23:14:00 GMT",NEWS,,Trump announces 50% steel tariffs and hails ‚Äòblockbuster‚Äô deal with Japan - The Guardian,sent=0.00
"Tue, 03 Jun 2025 13:30:36 GMT",NEWS,,Trump tariffs live updates: Trump pushes for trade deals as global economy takes a hit - Yahoo,sent=0.00
"Wed, 04 Jun 2025 13:17:09 GMT",NEWS,,"Trump doubles steel, aluminum tariffs: What that means for you - LiveNOW from FOX",sent=0.00
"Wed, 04 Jun 2025 11:45:31 GMT",NEWS,,Trump‚Äôs promise to double steel and aluminum tariffs starts today. Here‚Äôs what we know - Los Angeles Times,sent=0.32
"Thu, 05 Jun 2025 12:54:11 GMT",NEWS,,Pressure mounts on Carney to match Trump's tariffs on steel and aluminum - constructconnect.com,sent=-0.30
"Thu, 05 Jun 2025 15:19:25 GMT",NEWS,,EU Launches Tool to Monitor Trade Diversion From Trump Tariffs - Bloomberg,sent=0.00
"Tue, 03 Jun 2025 21:26:29 GMT",NEWS,,"Trump tariffs live updates: Trump hikes steel and aluminum tariffs to 50%, spares UK - Yahoo",sent=0.00
"Thu, 05 Jun 2025 01:27:00 GMT",NEWS,,'Not a good approach': Maryland steel plant CEO says Trump's tariffs will cause prices to rise - WBAL-TV,sent=-0.34
"Tue, 03 Jun 2025 22:12:52 GMT",NEWS,,"Local businesses prepare as Trump's 50% steel, aluminum tariffs hit Wednesday - NBC 5 Dallas-Fort Worth",sent=0.23
"Wed, 04 Jun 2025 11:00:42 GMT",NEWS,,Trump‚Äôs Higher Steel Tariffs Sour Mood at Deal-Making Table - Bloomberg,sent=0.00
"Wed, 04 Jun 2025 05:41:04 GMT",NEWS,,Trump‚Äôs Tariffs On Steel And Aluminum Double To 50% - Forbes,sent=0.00
"Wed, 04 Jun 2025 21:15:00 GMT",NEWS,,Former Obama trade adviser explains what steel and aluminum tariffs could mean for consumers - CBS News,sent=0.00
"Sat, 31 May 2025 00:04:06 GMT",NEWS,,"Trump to increase steel, aluminum tariffs to 50% - Manufacturing Dive",sent=0.32
"Wed, 04 Jun 2025 10:56:11 GMT",NEWS,,"Steel tariffs double. And, Congress asked to eliminate public broadcasting funds - NPR",sent=0.00
"Thu, 05 Jun 2025 03:42:00 GMT",NEWS,,Donald Trump raises steel and aluminum tariffs to 50%: Will higher levies affect US industry? What's next - Times of India,sent=0.00
"Wed, 04 Jun 2025 23:00:00 GMT",NEWS,,Trump Administration Doubles Tariffs on Steel and Aluminum to 50 Percent - NBC Palm Springs,sent=0.00
"Sat, 31 May 2025 00:13:35 GMT",NEWS,,"Trump to increase steel, aluminum tariffs to 50% - Supply Chain Dive",sent=0.32
"Tue, 03 Jun 2025 21:19:01 GMT",NEWS,,Trump signs executive order raising tariffs on steel and aluminum imports to 50% - ABC11,sent=0.00
"Tue, 03 Jun 2025 23:08:11 GMT",NEWS,,Trump's ambitious push for trade deals is hitting some snags - NBC News,sent=0.48
"Mon, 02 Jun 2025 13:13:11 GMT",NEWS,,Steel and Aluminum Prices Jump on Trump Tariff Move - Transport Topics,sent=0.00
"Thu, 05 Jun 2025 00:16:20 GMT",NEWS,,"Popular baby products company Munchkin hard-hit by tariff hike on steel, aluminum - CBS News",sent=0.42
"Sat, 31 May 2025 15:46:00 GMT",NEWS,,EU prepared to counter new Trump tariffs - politico.eu,sent=0.23
"Tue, 03 Jun 2025 23:15:36 GMT",NEWS,,Donald Trump pushes forward on tariffs despite court challenges: What to know - USA Today,sent=-0.06
"Sat, 31 May 2025 03:14:00 GMT",NEWS,,Trump Says Steel and Aluminum Tariffs Will Double to 50% - WSJ,sent=0.00
"Sat, 31 May 2025 01:46:00 GMT",NEWS,,"Trump to Hike Steel, Aluminum Tariffs to Aid Nippon-US Steel - Bloomberg",sent=0.00
"Thu, 05 Jun 2025 16:13:48 GMT",NEWS,,Mexico Says Trump‚Äôs New Tariff ‚ÄúHas No Legal Basis‚Äù - Havana Times,sent=-0.10
"Sun, 01 Jun 2025 14:55:18 GMT",NEWS,,Quebec premier calls new Trump tariff threats on steel and aluminum 'completely unjustified' - CBC,sent=-0.42
"Wed, 04 Jun 2025 16:25:00 GMT",NEWS,,First Thing: Trump‚Äôs 50% tariffs on foreign steel and aluminum take effect - The Guardian,sent=0.00
"Wed, 04 Jun 2025 21:51:50 GMT",NEWS,,Aluminum Executives Balk at Trump‚Äôs Latest 50% Tariff Move - Bloomberg,sent=0.00
"Sat, 31 May 2025 00:47:57 GMT",NEWS,,"Trump accuses China of violating trade deal, doubles steel and aluminum tariffs - Reuters",sent=-0.71
"Fri, 30 May 2025 23:44:00 GMT",NEWS,,Trump says he‚Äôll double steel and aluminum tariffs to 50% - AP News,sent=0.00
"Mon, 02 Jun 2025 09:16:10 GMT",NEWS,,"Trump tariffs live updates: China, EU tensions escalate as US pushes countries for deals - Yahoo",sent=-0.40
"Thu, 05 Jun 2025 10:30:00 GMT",NEWS,,Donald Trump has doubled steel and aluminum tariffs ‚Äî What‚Äôs the impact to Ontario? - Inside Halton,sent=0.00
"Wed, 04 Jun 2025 19:07:26 GMT",NEWS,,How has Canada responded to Trump's tariff hike on steel and aluminum? - CBC,sent=0.00
2025-06-05 17:30:21,REDDIT,,Debt not so good,sent=-0.63|url=https://redd.it/1l457dg
2025-06-05 17:30:19,REDDIT,,It's soooo over for $TSLA,sent=0.00|url=https://redd.it/1l457c7
2025-06-05 17:29:37,REDDIT,,First time stock investing,sent=0.00|url=https://redd.it/1l456oj
2025-06-05 17:26:03,REDDIT,,Is TSLA cooked now that Musk has pissed off conservatives?,sent=-0.64|url=https://redd.it/1l453au
2025-06-05 17:20:28,REDDIT,,Put Option on ADR Stock?,sent=0.00|url=https://redd.it/1l44y13
2025-06-05 17:19:22,REDDIT,,Tesla shares sink 8% as Musk-Trump spat over budget bill boils over,sent=0.30|url=https://redd.it/1l44wzw
2025-06-05 17:19:03,REDDIT,,Magnificent Seven power ahead as earnings outpace rest of S&P 500 by nearly 3-to-1,sent=0.60|url=https://redd.it/1l44wps
2025-06-05 17:17:43,REDDIT,,European defence industry,sent=0.10|url=https://redd.it/1l44vgg
2025-06-05 17:05:59,REDDIT,,UNH baseline case,sent=0.00|url=https://redd.it/1l44kge
2025-06-05 17:01:24,REDDIT,,‚ÄòDestroy the Ring‚Äô: Trump‚Äôs Palantir deal alarms Hill Republicans,sent=-0.27|url=https://redd.it/1l44g6l
2025-06-05 16:52:05,REDDIT,,It‚Äôs been a good morning!,sent=0.49|url=https://redd.it/1l447r2
2025-06-05 16:30:18,REDDIT,,Any silver bugs here? GDXJ calls. 10K yolo,sent=0.27|url=https://redd.it/1l43o1c
2025-06-05 16:28:00,REDDIT,,$PLTR PUTS.. Quick 70% Profit,sent=0.44|url=https://redd.it/1l43m0k
2025-06-05 16:23:05,REDDIT,,"Betting on direction, not probability TSLA nearly tripled in two days.",sent=0.00|url=https://redd.it/1l43hnw
2025-06-05 16:21:22,REDDIT,,Lucky or smart?,sent=0.67|url=https://redd.it/1l43g29
2025-06-05 16:13:49,REDDIT,,"Screw TSLA, should have gone with NVDA in the first place",sent=-0.10|url=https://redd.it/1l439an
2025-06-05 16:12:25,REDDIT,,"Donated to MSTR again, please call me a philanthropist üò≠ true autist",sent=0.25|url=https://redd.it/1l43827
2025-06-05 16:00:12,REDDIT,,Gigacloud Technology Gigachad Yolo,sent=0.27|url=https://redd.it/1l42wiv
2025-06-05 15:59:32,REDDIT,,U.S. ETF Monthly Summary: May 2025,sent=0.00|url=https://redd.it/1l42vtr
2025-06-05 15:47:47,REDDIT,,Trump and German Chancellor Merz meeting now,sent=0.00|url=https://redd.it/1l42l19
2025-06-05,EARN,PBIO,Earnings in 2025-06-05 (est EPS None),
2025-06-05,EARN,MRIN,Earnings in 2025-06-05 (est EPS None),
2025-06-05,EARN,RENT,Earnings in 2025-06-05 (est EPS -8.517),
2025-06-05,EARN,TTAN,Earnings in 2025-06-05 (est EPS 0.1256),
2025-06-05,EARN,SBSAA,Earnings in 2025-06-05 (est EPS None),
2025-06-05,EARN,BRZE,Earnings in 2025-06-05 (est EPS 0.0465),
2025-06-05,EARN,IDT,Earnings in 2025-06-05 (est EPS None),
2025-06-05,EARN,GSTX,Earnings in 2025-06-05 (est EPS None),
2025-06-05,EARN,MOMO,Earnings in 2025-06-05 (est EPS 1.5198),
2025-06-05,EARN,SHWZ,Earnings in 2025-06-05 (est EPS None),
2025-06-05,EARN,DLTH,Earnings in 2025-06-05 (est EPS -0.408),
2025-06-05,EARN,MTN,Earnings in 2025-06-05 (est EPS 10.0719),
2025-06-05,EARN,XELB,Earnings in 2025-06-05 (est EPS -1.1424),
2025-06-05,EARN,EDRY,Earnings in 2025-06-05 (est EPS -0.952),
2025-06-05,EARN,LE,Earnings in 2025-06-05 (est EPS -0.1906),
2025-06-05,EARN,VRVR,Earnings in 2025-06-05 (est EPS None),
2025-06-05,EARN,VIRC,Earnings in 2025-06-05 (est EPS -0.1326),
2025-06-05,EARN,CIEN,Earnings in 2025-06-05 (est EPS 0.5298),
2025-06-05,EARN,TTC,Earnings in 2025-06-05 (est EPS 1.412),
2025-06-05,EARN,WDH,Earnings in 2025-06-05 (est EPS 0.0391),
2025-06-05,EARN,AVGO,Earnings in 2025-06-05 (est EPS 1.5948),
2025-06-05,EARN,KLDI,Earnings in 2025-06-05 (est EPS None),
2025-06-05,EARN,AVO,Earnings in 2025-06-05 (est EPS 0.0556),
2025-06-05,EARN,SNAX,Earnings in 2025-06-05 (est EPS None),
2025-06-05,EARN,JILL,Earnings in 2025-06-05 (est EPS 0.8772),
2025-06-05,EARN,GTII,Earnings in 2025-06-05 (est EPS None),
2025-06-05,EARN,NX,Earnings in 2025-06-05 (est EPS 0.4867),
2025-06-05,EARN,BBCP,Earnings in 2025-06-05 (est EPS 0.0452),
2025-06-05,EARN,SENR,Earnings in 2025-06-05 (est EPS None),
2025-06-05,EARN,VSCO,Earnings in 2025-06-05 (est EPS 0.0442),
2025-06-05,EARN,GOEVQ,Earnings in 2025-06-05 (est EPS -0.412),
2025-06-05,EARN,TLCC,Earnings in 2025-06-05 (est EPS None),
2025-06-05,EARN,DMTKQ,Earnings in 2025-06-05 (est EPS -0.4069),
2025-06-05,EARN,ALOT,Earnings in 2025-06-05 (est EPS None),
2025-06-05,EARN,PBLA,Earnings in 2025-06-05 (est EPS None),
2025-06-05,EARN,SNRG,Earnings in 2025-06-05 (est EPS None),
2025-06-05,EARN,ENSV,Earnings in 2025-06-05 (est EPS None),
2025-06-05,EARN,FUFU,Earnings in 2025-06-05 (est EPS 0.0357),
2025-06-05,EARN,CNGO,Earnings in 2025-06-05 (est EPS None),
2025-06-05,EARN,RBRK,Earnings in 2025-06-05 (est EPS -0.3252),
2025-06-05,EARN,MNTN,Earnings in 2025-06-05 (est EPS None),
2025-06-05,EARN,AKTSQ,Earnings in 2025-06-05 (est EPS -0.0858),
2025-06-05,EARN,VSEE,Earnings in 2025-06-05 (est EPS -0.1224),
2025-06-05,EARN,PIKM,Earnings in 2025-06-05 (est EPS None),
2025-06-05,EARN,IONM,Earnings in 2025-06-05 (est EPS None),
2025-06-05,EARN,RSCF,Earnings in 2025-06-05 (est EPS None),
2025-06-05,EARN,RLBD,Earnings in 2025-06-05 (est EPS None),
2025-06-05,EARN,GCEH,Earnings in 2025-06-05 (est EPS None),
2025-06-05,EARN,WOOF,Earnings in 2025-06-05 (est EPS -0.0182),
2025-06-05,EARN,IOT,Earnings in 2025-06-05 (est EPS 0.0576),
2025-06-05,EARN,ODC,Earnings in 2025-06-05 (est EPS None),
2025-06-05,EARN,DOCU,Earnings in 2025-06-05 (est EPS 0.8269),
2025-06-05,EARN,CSSEQ,Earnings in 2025-06-05 (est EPS None),
2025-06-05,EARN,NIMU,Earnings in 2025-06-05 (est EPS None),
2025-06-05,EARN,BIORQ,Earnings in 2025-06-05 (est EPS None),
2025-06-05,EARN,GES,Earnings in 2025-06-05 (est EPS -0.6969),
"Wed, 04 Jun 2025 20:00:34 GMT",NEWS,,How Higher Tariffs on Steel and Aluminum Will Affect Companies - The New York Times,sent=0.00
"Wed, 04 Jun 2025 09:00:00 GMT",NEWS,,"With steel tariffs doubling today, a North Carolina manufacturer wonders how to compete - NPR",sent=0.00
"Wed, 04 Jun 2025 23:48:48 GMT",NEWS,,"Canada prepares reprisals over U.S. metals tariffs, EU reports progress in talks - Reuters",sent=0.42
"Wed, 04 Jun 2025 16:19:00 GMT",NEWS,,The Trump administration just doubled the tariffs on steel and aluminum imports. Here‚Äôs what that means - CNN,sent=0.00
"Wed, 04 Jun 2025 21:35:07 GMT",NEWS,,"US jobs at risk due to Trump's steel tariff dispute, Canadian leader says - ABC News",sent=-0.59
"Wed, 04 Jun 2025 22:23:12 GMT",NEWS,,Donald Trump doubles US steel and aluminium tariffs to 50% - BBC,sent=0.00
"Wed, 04 Jun 2025 14:26:00 GMT",NEWS,,Trump‚Äôs promised steel and aluminum tariffs go into effect - AP News,sent=0.36
"Wed, 04 Jun 2025 07:25:23 GMT",NEWS,,Trump's 50% steel tariffs hit the world but UK spared full blow - CNBC,sent=0.00
"Wed, 04 Jun 2025 07:08:00 GMT",NEWS,,U.S. doubles tariffs on steel and aluminum to 50% - CBS News,sent=0.00
"Wed, 04 Jun 2025 05:18:13 GMT",NEWS,,"Trump's 50% tariffs on steel, aluminum take effect ‚Äî raising ire of Canada, Mexico and the EU - Axios",sent=0.00
"Thu, 05 Jun 2025 10:51:42 GMT",NEWS,,Trump's 50% steel and aluminum tariffs take effect today. Here's what could get more expensive. - CBS News,sent=0.00
"Thu, 05 Jun 2025 12:26:23 GMT",NEWS,,Trump‚Äôs New Aluminum and Steel Tariffs Explained in Six Charts - Council on Foreign Relations,sent=0.00
"Sat, 31 May 2025 01:40:00 GMT",NEWS,,Trump tells US steelworkers he‚Äôs going to double tariffs on foreign steel to 50% - AP News,sent=0.00
"Wed, 04 Jun 2025 04:02:44 GMT",NEWS,,Trump‚Äôs 50% Tariffs on Steel and Aluminum Imports Go Into Effect - The New York Times,sent=0.00
"Wed, 04 Jun 2025 05:14:00 GMT",NEWS,,Trump ratchets up steel tariffs to 50% - NBC News,sent=0.00
"Wed, 04 Jun 2025 21:29:26 GMT",NEWS,,How the Steel and Aluminum Tariff Hike Will Hit Consumers - Time Magazine,sent=0.00
"Wed, 04 Jun 2025 14:00:00 GMT",NEWS,,Trump‚Äôs 50% tariffs on foreign steel and aluminum come into effect - The Guardian,sent=0.00
"Thu, 05 Jun 2025 11:38:38 GMT",NEWS,,Trump tariffs live updates: US auto suppliers urge action on China rare earths curbs amid tariff strain - Yahoo Finance,sent=-0.05
"Thu, 05 Jun 2025 11:07:33 GMT",NEWS,,Trump Doubles Tariffs on Steel and Aluminum - Successful Farming,sent=0.59
"Wed, 04 Jun 2025 04:01:00 GMT",NEWS,,"Trump Signs Order Doubling US Steel, Aluminum Tariffs to 50% - Bloomberg",sent=0.00
"Tue, 03 Jun 2025 20:56:46 GMT",NEWS,,ADJUSTING IMPORTS OF ALUMINUM AND STEEL INTO THE UNITED STATES - The White House (.gov),sent=0.55
"Wed, 04 Jun 2025 12:09:00 GMT",NEWS,,"Trump steel, aluminum tariffs taking effect - The Hill",sent=0.00
"Sun, 01 Jun 2025 17:26:15 GMT",NEWS,,"Trump Explains Reason For Doubling Steel, Aluminum Tariffs - Time Magazine",sent=0.00
"Wed, 04 Jun 2025 16:58:00 GMT",NEWS,,Here‚Äôs where all of Trump‚Äôs tariffs stand as his 50% tax on steel and aluminum imports goes into effect - MarketWatch,sent=0.00
"Thu, 05 Jun 2025 03:27:45 GMT",NEWS,,"Businesses brace for steel and aluminum tariffs, which double today - The Washington Post",sent=0.00
"Mon, 02 Jun 2025 16:47:16 GMT",NEWS,,Trump's hike of steel and aluminum tariffs could raise these prices - ABC News,sent=0.00
"Tue, 03 Jun 2025 20:43:00 GMT",NEWS,,"Trump signs order for 50% tariff on steel, aluminum ‚Äî why economists are dismayed - MarketWatch",sent=-0.44
"Tue, 03 Jun 2025 15:57:23 GMT",NEWS,,Steel and Aluminum Tariffs Are Set to Double On Wednesday. Here's Why That Matters - Investopedia,sent=0.03
"Wed, 04 Jun 2025 07:51:00 GMT",NEWS,,"Trump‚Äôs 50% tariffs on imported steel, aluminum take effect - Fox Business",sent=0.00
"Sat, 31 May 2025 17:52:55 GMT",NEWS,,"Trump says he plans to double steel, aluminum tariffs to 50% - Reuters",sent=0.00
"Thu, 05 Jun 2025 16:45:45 GMT",NEWS,,Trump doubles steel tariffs; what does it mean for ports in Delaware and Philadelphia? - The News Journal,sent=0.00
"Mon, 02 Jun 2025 23:02:06 GMT",NEWS,,"S&P closes higher on trade hopes, Nvidia lifts Nasdaq - Reuters",sent=0.42
"Wed, 04 Jun 2025 14:56:00 GMT",NEWS,,Spike in steel tariffs could imperil Trump promise of lower grocery prices - AP News,sent=0.03
"Tue, 03 Jun 2025 19:17:33 GMT",NEWS,,"Trump tariffs live updates: Trump pushes for trade deals with steel, aluminum duties set to double - Yahoo Finance",sent=0.00
"Sat, 31 May 2025 23:15:59 GMT",NEWS,,"Trump announces 50% tariffs on steel, aluminum imports - NBC News",sent=0.00
"Wed, 04 Jun 2025 16:14:59 GMT",NEWS,,"U.K. Exempt From Trump‚Äôs 50% Steel Tariff, but Europe Still Has to Pay - The New York Times",sent=-0.10
"Mon, 02 Jun 2025 13:25:00 GMT",NEWS,,"Nucor Leads S&P 500 On Trump's 50% Steel, Aluminum Tariffs - Investor's Business Daily",sent=0.00
"Mon, 02 Jun 2025 19:27:40 GMT",NEWS,,"Packaging manufacturers worried by 50% tariffs on steel, aluminum - Packaging Dive",sent=-0.30
"Mon, 02 Jun 2025 09:02:23 GMT",NEWS,,"As Courts Call Tariffs Into Question, Trump Again Turns to His Favorite Tool - The New York Times",sent=0.46
"Sat, 31 May 2025 02:44:36 GMT",NEWS,,Trump: US to double steel import tariffs to 50% - BBC,sent=0.00
"Wed, 04 Jun 2025 05:50:00 GMT",NEWS,,"Trump tariffs live updates: Trump hikes steel and aluminum tariffs to 50%, spares UK - Yahoo Finance",sent=0.00
"Wed, 04 Jun 2025 22:30:00 GMT",NEWS,,Timeline of Trump's steel and aluminum tariffs - CBS News,sent=0.00
"Tue, 03 Jun 2025 21:01:00 GMT",NEWS,,"Tariff Updates: Trump Signs Order Doubling Steel, Aluminum Levies - Barron's",sent=0.00
"Wed, 04 Jun 2025 11:09:26 GMT",NEWS,,US updates: Trump's 50% steel tariffs come into force - DW,sent=0.00
"Mon, 02 Jun 2025 15:00:24 GMT",NEWS,,U.S. steelmaker shares jump after Trump hikes industry tariffs to 50% - CBS News,sent=0.30
"Mon, 02 Jun 2025 20:27:18 GMT",NEWS,,US Aluminum and Steel Prices Surge as Trump Doubles Tariffs - Bloomberg,sent=0.00
"Fri, 30 May 2025 22:38:06 GMT",NEWS,,Trump Pledges to Double Tariffs on Foreign Steel and Aluminum to 50% - The New York Times,sent=0.00
"Thu, 05 Jun 2025 16:41:00 GMT",NEWS,,Trump admin live updates: Trump declines to give deadline for decision on Russia sanctions - ABC News,sent=0.00
"Mon, 02 Jun 2025 17:10:51 GMT",NEWS,,Explainer: The reality of Trump's steel and aluminium tariffs - Reuters,sent=0.00
"Thu, 05 Jun 2025 16:25:19 GMT",NEWS,,"How Trump‚Äôs new 50% tariffs on steel, other metals could hike your grocery bill - Straight Arrow News",sent=0.23
"Wed, 04 Jun 2025 23:27:44 GMT",NEWS,,Trump tariffs likely to hit aluminum cans used for San Diego's craft beer - NBC 7 San Diego,sent=0.00
"Thu, 05 Jun 2025 03:07:00 GMT",NEWS,,Why Trump Has Doubled Down on Steel and Aluminum Tariffs - Bloomberg,sent=0.00
"Thu, 05 Jun 2025 10:52:18 GMT",NEWS,,"Steel, aluminum tariffs up: When will costs reach you? - WRAL.com",sent=0.03
"Wed, 04 Jun 2025 04:09:27 GMT",NEWS,,Trump‚Äôs doubling of steel and aluminium tariffs comes into effect - France 24,sent=0.00
"Wed, 04 Jun 2025 13:24:08 GMT",NEWS,,"Steel Tariffs Double: What Trump‚Äôs 50% Hike Means for Soda, Housing Prices - Kiplinger",sent=0.00
"Wed, 04 Jun 2025 18:45:35 GMT",NEWS,,Trump tariffs live updates: Trump says China's Xi is 'extremely hard to make a deal with' - Yahoo Finance,sent=-0.18
"Sun, 01 Jun 2025 21:09:06 GMT",NEWS,,Trump tariffs live updates: Trump says he is doubling tariffs on steel imports to 50% - Yahoo,sent=0.00
"Tue, 03 Jun 2025 19:18:41 GMT",NEWS,,"Trump Signs Order Hiking Steel, Aluminum Tariffs to 50% - Transport Topics",sent=0.00
"Wed, 04 Jun 2025 19:15:55 GMT",NEWS,,50% tariffs on steel and aluminum imports are in effect. Here‚Äôs what that could mean - CNN,sent=0.00
"Sat, 31 May 2025 15:36:00 GMT",NEWS,,Trump doubles steel tariffs to 50% in ‚Äòmajor announcement‚Äô - CNN,sent=0.00
"Wed, 04 Jun 2025 01:58:15 GMT",NEWS,,Trump's new salvo about to upend world trade; 50% tariff on steel & aluminum to kick in on June 4 - The Economic Times,sent=0.00
"Mon, 02 Jun 2025 08:43:20 GMT",NEWS,,Trump tariffs live updates: China responds to Trump accusing the US of violating the trade truce - Yahoo Finance,sent=-0.64
"Tue, 03 Jun 2025 09:18:01 GMT",NEWS,,Trump tariffs live updates: Trump pushes for trade deals as economy takes a hit - Yahoo Finance,sent=0.00
"Thu, 05 Jun 2025 08:01:19 GMT",NEWS,,China Reacts to Trump's Steel Tariffs Hike - Newsweek,sent=0.00
"Sat, 31 May 2025 12:11:30 GMT",NEWS,,Donald Trump says he will double steel and aluminium tariffs to 50% - Financial Times,sent=0.00
"Mon, 02 Jun 2025 15:41:50 GMT",NEWS,,"Trump tariffs live updates: China hits back as tensions simmer; EU 'strongly' regrets steel, aluminum hikes - Yahoo Finance",sent=-0.48
"Fri, 30 May 2025 23:14:00 GMT",NEWS,,Trump announces 50% steel tariffs and hails ‚Äòblockbuster‚Äô deal with Japan - The Guardian,sent=0.00
"Tue, 03 Jun 2025 13:30:36 GMT",NEWS,,Trump tariffs live updates: Trump pushes for trade deals as global economy takes a hit - Yahoo,sent=0.00
"Wed, 04 Jun 2025 21:14:28 GMT",NEWS,,Trump Doubles Steel and Aluminum Tariffs to 50 Percent - Foreign Policy,sent=0.00
"Wed, 04 Jun 2025 13:17:09 GMT",NEWS,,"Trump doubles steel, aluminum tariffs: What that means for you - LiveNOW from FOX",sent=0.00
"Wed, 04 Jun 2025 11:45:31 GMT",NEWS,,Trump‚Äôs promise to double steel and aluminum tariffs starts today. Here‚Äôs what we know - Los Angeles Times,sent=0.32
"Thu, 05 Jun 2025 12:54:11 GMT",NEWS,,Pressure mounts on Carney to match Trump's tariffs on steel and aluminum - constructconnect.com,sent=-0.30
"Thu, 05 Jun 2025 15:19:25 GMT",NEWS,,EU Launches Tool to Monitor Trade Diversion From Trump Tariffs - Bloomberg,sent=0.00
"Tue, 03 Jun 2025 21:26:29 GMT",NEWS,,"Trump tariffs live updates: Trump hikes steel and aluminum tariffs to 50%, spares UK - Yahoo",sent=0.00
"Tue, 03 Jun 2025 22:12:52 GMT",NEWS,,"Local businesses prepare as Trump's 50% steel, aluminum tariffs hit Wednesday - NBC 5 Dallas-Fort Worth",sent=0.23
"Thu, 05 Jun 2025 01:27:00 GMT",NEWS,,'Not a good approach': Maryland steel plant CEO says Trump's tariffs will cause prices to rise - WBAL-TV,sent=-0.34
"Wed, 04 Jun 2025 11:00:42 GMT",NEWS,,Trump‚Äôs Higher Steel Tariffs Sour Mood at Deal-Making Table - Bloomberg,sent=0.00
"Wed, 04 Jun 2025 05:41:04 GMT",NEWS,,Trump‚Äôs Tariffs On Steel And Aluminum Double To 50% - Forbes,sent=0.00
"Sat, 31 May 2025 00:04:06 GMT",NEWS,,"Trump to increase steel, aluminum tariffs to 50% - Manufacturing Dive",sent=0.32
"Wed, 04 Jun 2025 21:15:00 GMT",NEWS,,Former Obama trade adviser explains what steel and aluminum tariffs could mean for consumers - CBS News,sent=0.00
"Wed, 04 Jun 2025 10:56:11 GMT",NEWS,,"Steel tariffs double. And, Congress asked to eliminate public broadcasting funds - NPR",sent=0.00
"Thu, 05 Jun 2025 03:42:00 GMT",NEWS,,Donald Trump raises steel and aluminum tariffs to 50%: Will higher levies affect US industry? What's next - Times of India,sent=0.00
"Sat, 31 May 2025 00:13:35 GMT",NEWS,,"Trump to increase steel, aluminum tariffs to 50% - Supply Chain Dive",sent=0.32
"Tue, 03 Jun 2025 21:19:01 GMT",NEWS,,Trump signs executive order raising tariffs on steel and aluminum imports to 50% - ABC11,sent=0.00
"Wed, 04 Jun 2025 23:00:00 GMT",NEWS,,Trump Administration Doubles Tariffs on Steel and Aluminum to 50 Percent - NBC Palm Springs,sent=0.00
"Tue, 03 Jun 2025 23:08:11 GMT",NEWS,,Trump's ambitious push for trade deals is hitting some snags - NBC News,sent=0.48
"Mon, 02 Jun 2025 13:13:11 GMT",NEWS,,Steel and Aluminum Prices Jump on Trump Tariff Move - Transport Topics,sent=0.00
"Sat, 31 May 2025 15:46:00 GMT",NEWS,,EU prepared to counter new Trump tariffs - politico.eu,sent=0.23
"Tue, 03 Jun 2025 23:15:36 GMT",NEWS,,Donald Trump pushes forward on tariffs despite court challenges: What to know - USA Today,sent=-0.06
"Thu, 05 Jun 2025 00:16:20 GMT",NEWS,,"Popular baby products company Munchkin hard-hit by tariff hike on steel, aluminum - CBS News",sent=0.42
"Sat, 31 May 2025 03:14:00 GMT",NEWS,,Trump Says Steel and Aluminum Tariffs Will Double to 50% - WSJ,sent=0.00
"Sat, 31 May 2025 01:46:00 GMT",NEWS,,"Trump to Hike Steel, Aluminum Tariffs to Aid Nippon-US Steel - Bloomberg",sent=0.00
"Thu, 05 Jun 2025 16:13:48 GMT",NEWS,,Mexico Says Trump‚Äôs New Tariff ‚ÄúHas No Legal Basis‚Äù - Havana Times,sent=-0.10
"Sun, 01 Jun 2025 14:55:18 GMT",NEWS,,Quebec premier calls new Trump tariff threats on steel and aluminum 'completely unjustified' - CBC,sent=-0.42
"Wed, 04 Jun 2025 16:25:00 GMT",NEWS,,First Thing: Trump‚Äôs 50% tariffs on foreign steel and aluminum take effect - The Guardian,sent=0.00
"Sat, 31 May 2025 00:47:57 GMT",NEWS,,"Trump accuses China of violating trade deal, doubles steel and aluminum tariffs - Reuters",sent=-0.71
"Wed, 04 Jun 2025 21:51:50 GMT",NEWS,,Aluminum Executives Balk at Trump‚Äôs Latest 50% Tariff Move - Bloomberg,sent=0.00
"Fri, 30 May 2025 23:44:00 GMT",NEWS,,Trump says he‚Äôll double steel and aluminum tariffs to 50% - AP News,sent=0.00
"Thu, 05 Jun 2025 10:30:00 GMT",NEWS,,Donald Trump has doubled steel and aluminum tariffs ‚Äî What‚Äôs the impact to Ontario? - Inside Halton,sent=0.00
"Wed, 04 Jun 2025 19:07:26 GMT",NEWS,,How has Canada responded to Trump's tariff hike on steel and aluminum? - CBC,sent=0.00
2025-06-05 17:40:45,REDDIT,,Why tf did $CRCL almost triple in price post ipo,sent=0.00|url=https://redd.it/1l45h4s
2025-06-05 17:31:43,REDDIT,,Finally sold my TSLA stock,sent=0.00|url=https://redd.it/1l458or
2025-06-05 17:29:37,REDDIT,,First time stock investing,sent=0.00|url=https://redd.it/1l456oj
2025-06-05 17:20:28,REDDIT,,Put Option on ADR Stock?,sent=0.00|url=https://redd.it/1l44y13
2025-06-05 17:19:22,REDDIT,,Tesla shares sink 8% as Musk-Trump spat over budget bill boils over,sent=0.30|url=https://redd.it/1l44wzw
2025-06-05 17:19:03,REDDIT,,Magnificent Seven power ahead as earnings outpace rest of S&P 500 by nearly 3-to-1,sent=0.60|url=https://redd.it/1l44wps
2025-06-05 17:17:43,REDDIT,,European defence industry,sent=0.10|url=https://redd.it/1l44vgg
2025-06-05 17:05:59,REDDIT,,UNH baseline case,sent=0.00|url=https://redd.it/1l44kge
2025-06-05 17:01:24,REDDIT,,‚ÄòDestroy the Ring‚Äô: Trump‚Äôs Palantir deal alarms Hill Republicans,sent=-0.27|url=https://redd.it/1l44g6l
2025-06-05 16:52:05,REDDIT,,It‚Äôs been a good morning!,sent=0.49|url=https://redd.it/1l447r2
2025-06-05 16:30:18,REDDIT,,Any silver bugs here? GDXJ calls. 10K yolo,sent=0.27|url=https://redd.it/1l43o1c
2025-06-05 16:28:00,REDDIT,,$PLTR PUTS.. Quick 70% Profit,sent=0.44|url=https://redd.it/1l43m0k
2025-06-05 16:23:05,REDDIT,,"Betting on direction, not probability TSLA nearly tripled in two days.",sent=0.00|url=https://redd.it/1l43hnw
2025-06-05 16:21:22,REDDIT,,Lucky or smart?,sent=0.67|url=https://redd.it/1l43g29
2025-06-05 16:13:49,REDDIT,,"Screw TSLA, should have gone with NVDA in the first place",sent=-0.10|url=https://redd.it/1l439an
2025-06-05 16:12:25,REDDIT,,"Donated to MSTR again, please call me a philanthropist üò≠ true autist",sent=0.25|url=https://redd.it/1l43827
2025-06-05 16:00:12,REDDIT,,Gigacloud Technology Gigachad Yolo,sent=0.27|url=https://redd.it/1l42wiv
2025-06-05 15:59:32,REDDIT,,U.S. ETF Monthly Summary: May 2025,sent=0.00|url=https://redd.it/1l42vtr
2025-06-05 15:47:47,REDDIT,,Trump and German Chancellor Merz meeting now,sent=0.00|url=https://redd.it/1l42l19
2025-06-05 15:45:00,REDDIT,,Made 100% on $25K RBLX bet in a week,sent=0.00|url=https://redd.it/1l42iie
